<?xml version="1.0" encoding="UTF-8"?>
<faces-config version="2.0" xmlns="http://java.sun.com/xml/ns/javaee"
	xmlns:xi="http://www.w3.org/2001/XInclude" 
	xmlns:xsi="http://www.w3.org/2001/XMLSchema-instance"
	xsi:schemaLocation="http://java.sun.com/xml/ns/javaee 
	http://java.sun.com/xml/ns/javaee/web-facesconfig_2_0.xsd">
	
	<application>
	  <el-resolver>org.springframework.web.jsf.el.SpringBeanFacesELResolver</el-resolver>
	  
	  <system-event-listener>
	  	<system-event-listener-class>br.com.project.bean.geral.ViewScopeCallbackRegistrer</system-event-listener-class>
	  	<system-event-class>javax.faces.event.PostConstructViewMapEvent</system-event-class>
	  	<source-class>javax.faces.component.UIViewRoot</source-class>
	  </system-event-listener>
	  
	  
	  <system-event-listener>
	  	<system-event-listener-class>br.com.project.bean.geral.ViewScopeCallbackRegistrer</system-event-listener-class>
	  	<system-event-class>javax.faces.event.PreDestroyViewMapEvent</system-event-class>
	  	<source-class>javax.faces.component.UIViewRoot</source-class>
	  </system-event-listener>
	  
	  <action-listener>org.primefaces.application.DialogActionListener</action-listener>
	  <navigation-handler>org.primefaces.application.DialogNavigationHandler</navigation-handler>
	  <view-handler>org.primefaces.application.DialogViewHandler</view-handler>
	  

	</application>

	
	<factory>
		<exception-handler-factory>br.com.project.exception.CustomExceptionHandlerFactory</exception-handler-factory>
	</factory>

</faces-config>